source_file	raw_site
cA.23.1+E484K.json	nsp3:L741F
cA.23.1+E484K.json	nsp6:M86I
cA.23.1+E484K.json	nsp6:L98F
cA.23.1+E484K.json	nsp6:M183I
cA.23.1+E484K.json	ORF8:L84S
cA.23.1+E484K.json	ORF8:E92K
cA.23.1.json	nsp3:L741F
cA.23.1.json	nsp6:M86I
cA.23.1.json	nsp6:L98F
cA.23.1.json	nsp6:M183I
cA.23.1.json	ORF8:L84S
cA.23.1.json	ORF8:E92K
cAY.4.2.json	spike:A222V
cAY.4.2.json	spike:Y145H
cAY.4.json	del:28271:1
cAY.4.json	del:22029:6
cAY.4.json	del:28248:6
cAY.4.json	orf1a:A1306S
cAY.4.json	orf1a:P2046L
cAY.4.json	orf1a:P2287S
cAY.4.json	orf1a:A2529V
cAY.4.json	orf1a:V2930L
cAY.4.json	orf1a:T3255I
cAY.4.json	orf1a:T3646A
cAY.4.json	orf1b:P314L
cAY.4.json	orf1b:G662S
cAY.4.json	orf1b:P1000L
cAY.4.json	orf1b:A1918V
cB.1.1.318.json	nsp3:K1693N
cB.1.1.318.json	nsp4:T173I
cB.1.1.318.json	nsp4:A446V
cB.1.1.318.json	nsp5:T21I
cB.1.1.318.json	del:11287:9
cB.1.1.318.json	nsp15:V320M
cB.1.1.318.json	del:21990:3
cB.1.1.318.json	del:27887:15
cB.1.1.318.json	ORF8:E106*
cB.1.1.318.json	del:28895:3
cB.1.1.529.json	orf1ab:T3255I
cB.1.1.529.json	orf1ab:P3395H
cB.1.1.529.json	orf1ab:P4715L
cB.1.1.529.json	orf1ab:I5967V
cB.1.1.529.json	spike:G142D
cB.1.1.529.json	spike:G339D
cB.1.1.529.json	spike:S373P
cB.1.1.529.json	spike:S375F
cB.1.1.529.json	spike:N440K
cB.1.1.529.json	spike:S477N
cB.1.1.529.json	spike:T478K
cB.1.1.529.json	spike:E484A
cB.1.1.529.json	spike:Q498R
cB.1.1.529.json	spike:N501Y
cB.1.1.529.json	spike:Y505H
cB.1.1.529.json	spike:D614G
cB.1.1.529.json	spike:H655Y
cB.1.1.529.json	spike:N679K
cB.1.1.529.json	spike:P681H
cB.1.1.529.json	spike:N764K
cB.1.1.529.json	spike:D796Y
cB.1.1.529.json	spike:Q954H
cB.1.1.529.json	spike:N969K
cB.1.1.529.json	del:28362:9
cB.1.351.json	NSP2:T85I
cB.1.351.json	ORF1ab:K1655N
cB.1.351.json	ORF1ab:K3353R
cB.1.351.json	ORF3a:Q57H
cB.1.351.json	ORF3a:S171L
cB.1.351.json	del:22280:9
cB.1.351.json	del:11287:9
cB.1.427.json	spike:S13I
cB.1.427.json	spike:W152C
cB.1.427.json	spike:L452R
cB.1.427.json	orf1a:T265I
cB.1.427.json	orf1b:D1183Y
cB.1.427.json	spike:D614G
cB.1.427.json	orf3a:Q57H
cB.1.429.json	spike:S13I
cB.1.429.json	spike:W152C
cB.1.429.json	spike:L452R
cB.1.429.json	orf1a:T265I
cB.1.429.json	orf1a:I4205V
cB.1.429.json	orf1b:D1183Y
cB.1.429.json	spike:D614G
cB.1.429.json	orf3a:Q57H
cB.1.525.json	nsp12:P323F
cB.1.526.json	ORF1a:T265I
cB.1.526.json	ORF1a:L3201P
cB.1.526.json	ORF1b:P314L
cB.1.526.json	ORF1b:Q1011H
cB.1.526.json	ORF3a:P42L
cB.1.526.json	ORF3a:Q57H
cB.1.526.json	ORF8:T11I
cB.1.526.json	nuc:A28271-
cB.1.617.1.json	nsp3:T749I
cB.1.617.1.json	nsp6:T77A
cB.1.617.1.json	nsp13:M429I
cB.1.617.1.json	nsp15:K259R
cB.1.617.1.json	ORF3a:S26L
cB.1.617.1.json	ORF7a:V82A
cB.1.617.2+K417N.json	ORF3a:S26L
cB.1.617.2+K417N.json	ORF7a:V82A
cB.1.617.2+K417N.json	ORF7a:T120I
cB.1.617.2.json	ORF3a:S26L
cB.1.617.2.json	ORF7a:V82A
cB.1.617.2.json	ORF7a:T120I
cB.1.617.3.json	nsp3:A1526V
cB.1.617.3.json	nsp3:T1830I
cB.1.617.3.json	nsp5:A194S
cB.1.617.3.json	nsp6:A117V
cB.1.617.3.json	ORF7a:V82A
cB.1.617.3.json	ORF8:T26I
cB.1.621.json	ORF1a:T1055A
cB.1.621.json	ORF1a:T1538I
cB.1.621.json	ORF1a:T3255I
cB.1.621.json	ORF1a:Q3729R
cB.1.621.json	ORF1b:P314L
cB.1.621.json	ORF1b:P1342S
cB.1.621.json	spike:T95I
cB.1.621.json	spike:Y145N
cB.1.621.json	spike:R346K
cB.1.621.json	spike:E484K
cB.1.621.json	spike:N501Y
cB.1.621.json	spike:D614G
cB.1.621.json	spike:P681H
cB.1.621.json	spike:D950N
cB.1.621.json	ORF3a:Q57H
cB.1.621.json	ORF8:T11K
cB.1.621.json	ORF8:P38S
cB.1.621.json	ORF8:S67F
cBA.1.json	orf1ab:K856R
cBA.1.json	del:6513:3
cBA.1.json	orf1ab:A2710T
cBA.1.json	orf1ab:L3674F
cBA.1.json	orf1ab:SGF3675-
cBA.1.json	orf1ab:I3758V
cBA.1.json	spike:A67V
cBA.1.json	del:21765:6
cBA.1.json	spike:T95I
cBA.1.json	del:21987:9
cBA.1.json	del:22194:3
cBA.1.json	nuc:22205+GAGCCAGAA
cBA.1.json	spike:S371L
cBA.1.json	spike:G446S
cBA.1.json	spike:Q493R
cBA.1.json	spike:G496S
cBA.1.json	spike:T547K
cBA.1.json	spike:N856K
cBA.1.json	spike:L981F
cBA.1.json	n:RG203KR
cBA.2.json	orf1ab:S135R
cBA.2.json	orf1ab:T842I
cBA.2.json	orf1ab:G1307S
cBA.2.json	orf1ab:L3027F
cBA.2.json	orf1ab:T3090I
cBA.2.json	orf1ab:L3201F
cBA.2.json	orf1ab:SGF3675-
cBA.2.json	orf1ab:R5716C
cBA.2.json	orf1ab:T6564I
cBA.2.json	spike:T19I
cBA.2.json	del:21633:9
cBA.2.json	spike:V213G
cBA.2.json	spike:S371F
cBA.2.json	spike:T376A
cBA.2.json	spike:D405N
cBA.2.json	spike:Q493R
cBA.2.json	orf3a:T223I
cBA.2.json	orf6:D61L
cBA.2.json	n:RG203KR
cBA.3.json	orf1ab:S135R
cBA.3.json	orf1ab:G1307S
cBA.3.json	orf1ab:T3090I
cBA.3.json	orf1ab:SGF3675-
cBA.3.json	spike:A67V
cBA.3.json	spike:Q493R
cBA.3.json	del:21765:6
cBA.3.json	del:21987:9
cBA.3.json	del:22194:3
cBA.3.json	spike:S371F
cBA.3.json	spike:D405N
cBA.3.json	spike:G446S
cBA.3.json	orf3a:T223V
cBA.3.json	n:RG203KR
cBA.4.json	orf1ab:S135R
cBA.4.json	orf1ab:T842I
cBA.4.json	orf1ab:G1307S
cBA.4.json	orf1ab:T3090I
cBA.4.json	del:11288:9
cBA.4.json	orf1ab:R5716C
cBA.4.json	orf1ab:T6564I
cBA.4.json	spike:T19I
cBA.4.json	spike:V213G
cBA.4.json	spike:S371F
cBA.4.json	spike:T376A
cBA.4.json	spike:D405N
cBA.4.json	spike:L452R
cBA.4.json	spike:F486V
cBA.4.json	orf6:D61L
cBA.4.json	n:RG203KR
cBA.5.json	orf1ab:S135R
cBA.5.json	orf1ab:T842I
cBA.5.json	orf1ab:G1307S
cBA.5.json	orf1ab:T3090I
cBA.5.json	del:11288:9
cBA.5.json	orf1ab:R5716C
cBA.5.json	orf1ab:T6564I
cBA.5.json	spike:T19I
cBA.5.json	spike:V213G
cBA.5.json	spike:S371F
cBA.5.json	spike:T376A
cBA.5.json	spike:D405N
cBA.5.json	spike:L452R
cBA.5.json	spike:F486V
cBA.5.json	n:RG203KR
cC.37.json	ORF1a:T1246I
cC.37.json	ORF1a:P2287S
cC.37.json	ORF1a:F2387V
cC.37.json	ORF1a:L3201P
cC.37.json	ORF1a:T3255I
cC.37.json	ORF1a:G3278S
cC.37.json	ORF1a:SGF3675-
cC.37.json	ORF1b:P314L
cP.1.json	ORF1ab:S1188L
cP.1.json	ORF1ab:K1795Q
cP.1.json	del:11287:9
cP.1.json	ORF8:E92K
cP.1.json	nuc:28262+AACA
cP.2.json	ORF1ab:L205V
cP.3.json	nsp3:D736G
cP.3.json	nsp4:L438P
cP.3.json	nsp6:D112E
cP.3.json	nsp7:L71F
cP.3.json	nsp13:A368V
cP.3.json	del:21980:9
cP.3.json	ORF8:K2Q
cXBB-parent1.json	spike:G339H
cXBB-parent1.json	spike:G446S
cXBB-parent1.json	spike:N460K
cXBB-parent2.json	orf1b:S959P
cXBB.1.16.json	orf1b:D1746Y
cXBB.1.16.json	spike:E180V
cXBB.1.5.json	spike:G252V
cXBB.1.5.json	spike:F486P
cXBB.1.json	spike:R408S
cXBB.1.json	spike:K417N
cXBB.1.json	orf8:G8*
cXBB.json	spike:V83A
cXBB.json	spike:Y144-
cXBB.json	spike:H146Q
cXBB.json	spike:Q183E
cXBB.json	spike:V213E
cXBB.json	spike:R346T
cXBB.json	spike:L368I
cXBB.json	spike:V445P
cXBB.json	spike:F486S
cXBB.json	spike:F490S
cXE-parent1.json	orf1ab:K856R
cXE-parent1.json	del:6513:3
cXE-parent1.json	orf1ab:A2710T
cXE-parent2.json	orf1ab:R5716C
cXE-parent2.json	orf1ab:T6564I
cXE-parent2.json	spike:T19I
cXE-parent2.json	del:21633:9
cXE-parent2.json	spike:S371F
cXE-parent2.json	spike:T376A
cXE-parent2.json	spike:D405N
cXE-parent2.json	spike:R408S
cXE-parent2.json	orf6:D61L
